ID,Genus,Division,Percent,N15,Exact_Depth,Depth,Zone,Location,Region
NWHI-466,Caulerpa sp.,Chlorophyta,2.3,2.4,54,51-60,Mesophotic,Pioneer,NWHI
NWHI-200-1,Caulerpa sp.,Chlorophyta,1.8,3.3,58,51-60,Mesophotic,Laysan,NWHI
NWHI-105,Caulerpa sp.,Chlorophyta,2.6,3.3,59,51-60,Mesophotic,Gardner,NWHI
NWHI-175-1,Caulerpa sp.,Chlorophyta,1.8,4.3,63,61-70,Mesophotic,FFS,NWHI
NWHI-333,Caulerpa sp.,Chlorophyta,2.9,4.0,69,61-70,Mesophotic,FFS,NWHI
NWHI-376,Caulerpa sp.,Chlorophyta,2.2,4.8,70,61-70,Mesophotic,Pearl & Hermes,NWHI
NWHI-1043a,Caulerpa sp.,Chlorophyta,1.9,3.9,75,71-80,Mesophotic,Pearl & Hermes,NWHI
NWHI-1043b,Caulerpa sp.,Chlorophyta,2.1,5.2,75,71-80,Mesophotic,Pearl & Hermes,NWHI
NWHI-1043c,Caulerpa sp.,Chlorophyta,2.4,5.2,75,71-80,Mesophotic,Pearl & Hermes,NWHI
NWHI-694a,Caulerpa sp.,Chlorophyta,1.8,3.9,30,21-30,Shallow,Lisianski,NWHI
NWHI-694b,Caulerpa sp.,Chlorophyta,1.8,3.4,30,21-30,Shallow,Lisianski,NWHI
NWHI-694c,Caulerpa sp.,Chlorophyta,1.7,3.6,30,21-30,Shallow,Lisianski,NWHI
NWHI-419,Dasya sp.,Rhodophyta,0.8,2.8,52,51-60,Mesophotic,Kure,NWHI
NWHI-275,Dasya sp.,Rhodophyta,1.1,6.3,55,51-60,Mesophotic,Pearl & Hermes,NWHI
NWHI-386,Dasya sp.,Rhodophyta,2.0,4.8,57,51-60,Mesophotic,Kure,NWHI
NWHI-79,Dasya sp.,Rhodophyta,3.6,3.9,58,51-60,Mesophotic,Pearl & Hermes,NWHI
NWHI-378,Dasya sp.,Rhodophyta,1.9,5.4,70,61-70,Mesophotic,Pearl & Hermes,NWHI
NWHI-363,Dasya sp.,Rhodophyta,2.4,4.8,79,71-80,Mesophotic,Pioneer,NWHI
NWHI-268-a,Dasya sp.,Rhodophyta,1.1,3.6,84,81-90,Mesophotic,Lisianski,NWHI
NWHI-420,Dasya sp.,Rhodophyta,1.5,4.4,90,81-90,Mesophotic,Kure,NWHI
NWHI-393,Dasya sp.,Rhodophyta,1.1,2.9,91,91-100,Mesophotic,Kure,NWHI
NWHI-424,Dasya sp.,Rhodophyta,1.3,5.0,91,91-100,Mesophotic,Kure,NWHI
NWHI-432,Dasya sp.,Rhodophyta,1.1,4.9,91,91-100,Mesophotic,Salmon,NWHI
NWHI-437,Dasya sp.,Rhodophyta,2.2,2.7,91,91-100,Mesophotic,Salmon,NWHI
NWHI-693a,Dasya sp.,Rhodophyta,2.3,3.2,30,21-30,Shallow,Lisianski,NWHI
NWHI-693b,Dasya sp.,Rhodophyta,2.2,3.3,30,21-30,Shallow,Lisianski,NWHI
NWHI-693c,Dasya sp.,Rhodophyta,2.1,3.6,30,21-30,Shallow,Lisianski,NWHI
AV 90A,Avrainvillea sp.,Chlorophyta,5.1,1.2,38,31-40,Mesophotic,Oahu,MHI
AV 90B,Avrainvillea sp.,Chlorophyta,5.2,0.8,38,31-40,Mesophotic,Oahu,MHI
AV 90C,Avrainvillea sp.,Chlorophyta,5.3,1.0,38,31-40,Mesophotic,Oahu,MHI
K-AV1,Avrainvillea sp.,Chlorophyta,4.3,1.3,38,31-40,Mesophotic,Oahu,MHI
K-AV2,Avrainvillea sp.,Chlorophyta,4.5,0.3,38,31-40,Mesophotic,Oahu,MHI
K-AV3,Avrainvillea sp.,Chlorophyta,4.6,2.2,38,31-40,Mesophotic,Oahu,MHI
K-AV4,Avrainvillea sp.,Chlorophyta,4.8,1.4,38,31-40,Mesophotic,Oahu,MHI
K-AV5,Avrainvillea sp.,Chlorophyta,4.0,1.0,38,31-40,Mesophotic,Oahu,MHI
K-AV6,Avrainvillea sp.,Chlorophyta,4.9,1.9,38,31-40,Mesophotic,Oahu,MHI
K-AV7,Avrainvillea sp.,Chlorophyta,4.1,1.7,38,31-40,Mesophotic,Oahu,MHI
AV661,Avrainvillea sp.,Chlorophyta,5.3,1.1,40,31-40,Mesophotic,Oahu,MHI
AV666,Avrainvillea sp.,Chlorophyta,4.5,1.0,40,31-40,Mesophotic,Oahu,MHI
AV667,Avrainvillea sp.,Chlorophyta,4.5,1.7,40,31-40,Mesophotic,Oahu,MHI
AV668,Avrainvillea sp.,Chlorophyta,5.1,1.2,40,31-40,Mesophotic,Oahu,MHI
AV681,Avrainvillea sp.,Chlorophyta,5.0,1.2,40,31-40,Mesophotic,Oahu,MHI
AV682,Avrainvillea sp.,Chlorophyta,4.7,1.4,40,31-40,Mesophotic,Oahu,MHI
AV683,Avrainvillea sp.,Chlorophyta,5.5,1.2,40,31-40,Mesophotic,Oahu,MHI
AV684,Avrainvillea sp.,Chlorophyta,4.9,1.2,40,31-40,Mesophotic,Oahu,MHI
AV685,Avrainvillea sp.,Chlorophyta,5.3,1.6,40,31-40,Mesophotic,Oahu,MHI
AV686,Avrainvillea sp.,Chlorophyta,4.3,1.7,40,31-40,Mesophotic,Oahu,MHI
AV687,Avrainvillea sp.,Chlorophyta,4.7,1.3,40,31-40,Mesophotic,Oahu,MHI
AV691,Avrainvillea sp.,Chlorophyta,4.7,1.6,40,31-40,Mesophotic,Oahu,MHI
AV692,Avrainvillea sp.,Chlorophyta,4.7,1.9,40,31-40,Mesophotic,Oahu,MHI
AV694,Avrainvillea sp.,Chlorophyta,5.4,1.4,40,31-40,Mesophotic,Oahu,MHI
AV696,Avrainvillea sp.,Chlorophyta,4.7,1.5,40,31-40,Mesophotic,Oahu,MHI
AV697,Avrainvillea sp.,Chlorophyta,4.5,1.8,40,31-40,Mesophotic,Oahu,MHI
AV699,Avrainvillea sp.,Chlorophyta,5.4,1.1,40,31-40,Mesophotic,Oahu,MHI
AV6121,Avrainvillea sp.,Chlorophyta,5.2,1.5,48,41-50,Mesophotic,Oahu,MHI
AV61210,Avrainvillea sp.,Chlorophyta,5.7,1.2,48,41-50,Mesophotic,Oahu,MHI
AV61211,Avrainvillea sp.,Chlorophyta,4.4,1.3,48,41-50,Mesophotic,Oahu,MHI
AV61212,Avrainvillea sp.,Chlorophyta,4.1,2.3,48,41-50,Mesophotic,Oahu,MHI
AV61213,Avrainvillea sp.,Chlorophyta,5.3,1.2,48,41-50,Mesophotic,Oahu,MHI
AV6122,Avrainvillea sp.,Chlorophyta,5.2,1.4,48,41-50,Mesophotic,Oahu,MHI
AV6123,Avrainvillea sp.,Chlorophyta,5.4,1.0,48,41-50,Mesophotic,Oahu,MHI
AV6124,Avrainvillea sp.,Chlorophyta,5.3,1.5,48,41-50,Mesophotic,Oahu,MHI
AV6125,Avrainvillea sp.,Chlorophyta,5.3,0.7,48,41-50,Mesophotic,Oahu,MHI
AV6126,Avrainvillea sp.,Chlorophyta,5.5,1.1,48,41-50,Mesophotic,Oahu,MHI
AV6127,Avrainvillea sp.,Chlorophyta,4.3,2.2,48,41-50,Mesophotic,Oahu,MHI
AV6128,Avrainvillea sp.,Chlorophyta,4.6,1.7,48,41-50,Mesophotic,Oahu,MHI
AV6129,Avrainvillea sp.,Chlorophyta,5.4,0.9,48,41-50,Mesophotic,Oahu,MHI
P4-188 AV1,Avrainvillea sp.,Chlorophyta,4.8,0.9,51,51-60,Mesophotic,Oahu,MHI
P4-188 AV2,Avrainvillea sp.,Chlorophyta,3.9,1.5,51,51-60,Mesophotic,Oahu,MHI
P4-188 AV3,Avrainvillea sp.,Chlorophyta,4.0,0.9,51,51-60,Mesophotic,Oahu,MHI
P4-188 AV4,Avrainvillea sp.,Chlorophyta,4.6,1.0,51,51-60,Mesophotic,Oahu,MHI
P4-188 AV5,Avrainvillea sp.,Chlorophyta,4.7,0.6,51,51-60,Mesophotic,Oahu,MHI
P4-188 AV6,Avrainvillea sp.,Chlorophyta,4.1,1.5,51,51-60,Mesophotic,Oahu,MHI
D1 AA,Avrainvillea sp.,Chlorophyta,4.3,2.8,60,51-60,Mesophotic,Oahu,MHI
D1 AB,Avrainvillea sp.,Chlorophyta,3.7,3.0,60,51-60,Mesophotic,Oahu,MHI
D1 AC,Avrainvillea sp.,Chlorophyta,3.9,2.2,60,51-60,Mesophotic,Oahu,MHI
D1 AD,Avrainvillea sp.,Chlorophyta,4.2,2.1,60,51-60,Mesophotic,Oahu,MHI
D1 AE,Avrainvillea sp.,Chlorophyta,3.7,2.7,60,51-60,Mesophotic,Oahu,MHI
D1 AF,Avrainvillea sp.,Chlorophyta,4.1,1.7,60,51-60,Mesophotic,Oahu,MHI
AV-15A,Avrainvillea sp.,Chlorophyta,4.5,-0.1,61,61-70,Mesophotic,Oahu,MHI
AV-15B,Avrainvillea sp.,Chlorophyta,4.2,0.6,61,61-70,Mesophotic,Oahu,MHI
AV-15C,Avrainvillea sp.,Chlorophyta,3.6,1.3,61,61-70,Mesophotic,Oahu,MHI
AV-16A,Avrainvillea sp.,Chlorophyta,3.7,1.7,61,61-70,Mesophotic,Oahu,MHI
AV-16B,Avrainvillea sp.,Chlorophyta,4.2,1.5,61,61-70,Mesophotic,Oahu,MHI
AV-16C,Avrainvillea sp.,Chlorophyta,4.2,1.7,61,61-70,Mesophotic,Oahu,MHI
AV-18A,Avrainvillea sp.,Chlorophyta,4.5,0.8,67,61-70,Mesophotic,Oahu,MHI
AV-18B,Avrainvillea sp.,Chlorophyta,4.3,1.5,67,61-70,Mesophotic,Oahu,MHI
AV-18C,Avrainvillea sp.,Chlorophyta,4.2,1.0,67,61-70,Mesophotic,Oahu,MHI
OP-AV1,Avrainvillea sp.,Chlorophyta,3.1,2.6,18,11-20,Shallow,Oahu,MHI
OP-AV2,Avrainvillea sp.,Chlorophyta,3.4,1.2,18,11-20,Shallow,Oahu,MHI
OP-AV3,Avrainvillea sp.,Chlorophyta,3.5,1.5,18,11-20,Shallow,Oahu,MHI
OP-AV4,Avrainvillea sp.,Chlorophyta,2.4,-0.5,18,11-20,Shallow,Oahu,MHI
OP-AV5,Avrainvillea sp.,Chlorophyta,3.5,1.6,18,11-20,Shallow,Oahu,MHI
AV 89B,Avrainvillea sp.,Chlorophyta,3.6,0.9,20,11-20,Shallow,Oahu,MHI
AV 89C,Avrainvillea sp.,Chlorophyta,4.7,1.2,20,11-20,Shallow,Oahu,MHI
Av 34a,Avrainvillea sp.,Chlorophyta,3.0,2.2,24,21-30,Shallow,Oahu,MHI
Av 34c,Avrainvillea sp.,Chlorophyta,3.7,1.7,24,21-30,Shallow,Oahu,MHI
AV 73-1,Avrainvillea sp.,Chlorophyta,3.1,0.9,30,21-30,Shallow,Oahu,MHI
AV 73-2,Avrainvillea sp.,Chlorophyta,3.3,1.3,30,21-30,Shallow,Oahu,MHI
AV 73-3,Avrainvillea sp.,Chlorophyta,2.9,0.2,30,21-30,Shallow,Oahu,MHI
AV C2,Avrainvillea sp.,Chlorophyta,2.8,3.2,intertidal,0,Shallow,Oahu,MHI
AV C3,Avrainvillea sp.,Chlorophyta,3.2,1.5,intertidal,0,Shallow,Oahu,MHI
AV C6,Avrainvillea sp.,Chlorophyta,2.9,2.6,intertidal,0,Shallow,Oahu,MHI
AV SE2,Avrainvillea sp.,Chlorophyta,3.3,0.6,intertidal,0,Shallow,Oahu,MHI
AV SE3,Avrainvillea sp.,Chlorophyta,3.5,-1.7,intertidal,0,Shallow,Oahu,MHI
AV SE5,Avrainvillea sp.,Chlorophyta,3.1,0.3,intertidal,0,Shallow,Oahu,MHI
AV SEC1,Avrainvillea sp.,Chlorophyta,2.7,2.8,intertidal,0,Shallow,Oahu,MHI
AV SEC5,Avrainvillea sp.,Chlorophyta,3.1,1.9,intertidal,0,Shallow,Oahu,MHI
AV WE1,Avrainvillea sp.,Chlorophyta,3.1,1.9,intertidal,0,Shallow,Oahu,MHI
AV WE2,Avrainvillea sp.,Chlorophyta,2.2,2.4,intertidal,0,Shallow,Oahu,MHI
AV WE3,Avrainvillea sp.,Chlorophyta,3.0,1.9,intertidal,0,Shallow,Oahu,MHI
AV WE5,Avrainvillea sp.,Chlorophyta,3.1,2.2,intertidal,0,Shallow,Oahu,MHI
AV2 C1,Avrainvillea sp.,Chlorophyta,3.0,0.9,intertidal,0,Shallow,Oahu,MHI
AV2 C2,Avrainvillea sp.,Chlorophyta,3.0,0.9,intertidal,0,Shallow,Oahu,MHI
AV2 C3,Avrainvillea sp.,Chlorophyta,3.1,1.0,intertidal,0,Shallow,Oahu,MHI
AV2 C4,Avrainvillea sp.,Chlorophyta,2.9,0.5,intertidal,0,Shallow,Oahu,MHI
AV2 C5,Avrainvillea sp.,Chlorophyta,3.4,0.7,intertidal,0,Shallow,Oahu,MHI
AV2 C6a,Avrainvillea sp.,Chlorophyta,2.4,1.6,intertidal,0,Shallow,Oahu,MHI
AV2 C6b,Avrainvillea sp.,Chlorophyta,2.4,1.5,intertidal,0,Shallow,Oahu,MHI
AV2 SE1,Avrainvillea sp.,Chlorophyta,3.2,-1.6,intertidal,0,Shallow,Oahu,MHI
AV2 SE2,Avrainvillea sp.,Chlorophyta,2.7,1.1,intertidal,0,Shallow,Oahu,MHI
AV2 SE3,Avrainvillea sp.,Chlorophyta,3.5,-0.1,intertidal,0,Shallow,Oahu,MHI
AV2 SE4,Avrainvillea sp.,Chlorophyta,3.4,1.1,intertidal,0,Shallow,Oahu,MHI
AV2 SE5a,Avrainvillea sp.,Chlorophyta,2.5,0.4,intertidal,0,Shallow,Oahu,MHI
AV2 WE1,Avrainvillea sp.,Chlorophyta,3.6,0.5,intertidal,0,Shallow,Oahu,MHI
AV2 WE2,Avrainvillea sp.,Chlorophyta,3.4,0.3,intertidal,0,Shallow,Oahu,MHI
AV2 WE3,Avrainvillea sp.,Chlorophyta,2.7,0.9,intertidal,0,Shallow,Oahu,MHI
AV2 WE4a,Avrainvillea sp.,Chlorophyta,3.2,0.6,intertidal,0,Shallow,Oahu,MHI
AV2 WE4b,Avrainvillea sp.,Chlorophyta,3.2,0.7,intertidal,0,Shallow,Oahu,MHI
127A,H. kanaloana,Chlorophyta,1.8,3.2,39,31-40,Mesophotic,Maui,MHI
127B,H. kanaloana,Chlorophyta,1.9,2.2,39,31-40,Mesophotic,Maui,MHI
127C,H. kanaloana,Chlorophyta,1.7,2.4,39,31-40,Mesophotic,Maui,MHI
127D,H. kanaloana,Chlorophyta,1.6,3.4,39,31-40,Mesophotic,Maui,MHI
127E,H. kanaloana,Chlorophyta,1.6,2.8,39,31-40,Mesophotic,Maui,MHI
P4-191 HK10,H. kanaloana,Chlorophyta,2.1,3.4,67,61-70,Mesophotic,Maui,MHI
P4-191 HK12,H. kanaloana,Chlorophyta,1.7,3.3,67,61-70,Mesophotic,Maui,MHI
P4-191 HK14,H. kanaloana,Chlorophyta,1.5,3.9,67,61-70,Mesophotic,Maui,MHI
P4-191 HK15,H. kanaloana,Chlorophyta,2.9,4.2,67,61-70,Mesophotic,Maui,MHI
P4-191 HK16,H. kanaloana,Chlorophyta,2.6,3.4,67,61-70,Mesophotic,Maui,MHI
P4-191 HK17,H. kanaloana,Chlorophyta,3.5,2.9,67,61-70,Mesophotic,Maui,MHI
P4-191 HK18,H. kanaloana,Chlorophyta,2.1,2.9,67,61-70,Mesophotic,Maui,MHI
P4-191 HK7,H. kanaloana,Chlorophyta,2.6,3.3,67,61-70,Mesophotic,Maui,MHI
P4-191 HK8,H. kanaloana,Chlorophyta,3.0,3.6,67,61-70,Mesophotic,Maui,MHI
P4-191 HK9,H. kanaloana,Chlorophyta,2.0,3.7,67,61-70,Mesophotic,Maui,MHI
P4-190 HK1,H. kanaloana,Chlorophyta,2.1,2.2,82,81-90,Mesophotic,Maui,MHI
P4-190 HK2,H. kanaloana,Chlorophyta,1.9,2.3,82,81-90,Mesophotic,Maui,MHI
P4-190 HK3,H. kanaloana,Chlorophyta,2.4,1.9,82,81-90,Mesophotic,Maui,MHI
P4-190 HK4,H. kanaloana,Chlorophyta,1.8,2.0,82,81-90,Mesophotic,Maui,MHI
P4-190 HK5,H. kanaloana,Chlorophyta,2.6,1.4,82,81-90,Mesophotic,Maui,MHI
P4-190 HK6,H. kanaloana,Chlorophyta,2.7,2.2,82,81-90,Mesophotic,Maui,MHI
P4-191 HK3,H. kanaloana,Chlorophyta,2.7,4.1,82,81-90,Mesophotic,Maui,MHI
P1A,H. kanaloana,Chlorophyta,3.6,3.8,1,1-10,Shallow,Maui,MHI
P1B,H. kanaloana,Chlorophyta,4.6,5.2,1,1-10,Shallow,Maui,MHI
P1C,H. kanaloana,Chlorophyta,3.0,4.6,1,1-10,Shallow,Maui,MHI
P1D,H. kanaloana,Chlorophyta,2.5,3.6,1,1-10,Shallow,Maui,MHI
P1E,H. kanaloana,Chlorophyta,0.9,4.9,1,1-10,Shallow,Maui,MHI
P1F,H. kanaloana,Chlorophyta,3.9,3.0,1,1-10,Shallow,Maui,MHI
HK 39+69,H. kanaloana,Chlorophyta,3.3,1.0,2,1-10,Shallow,Maui,MHI
HK 67,H. kanaloana,Chlorophyta,3.5,0.4,2,1-10,Shallow,Maui,MHI
HK 68,H. kanaloana,Chlorophyta,3.4,2.2,2,1-10,Shallow,Maui,MHI
HK 70,H. kanaloana,Chlorophyta,2.2,2.9,6,1-10,Shallow,Maui,MHI
HK 71,H. kanaloana,Chlorophyta,3.2,4.6,6,1-10,Shallow,Maui,MHI
HK 72,H. kanaloana,Chlorophyta,2.9,3.4,6,1-10,Shallow,Maui,MHI
Ha30-10,H. kanaloana,Chlorophyta,3.4,2.4,9,1-10,Shallow,Maui,MHI
Ha30-6,H. kanaloana,Chlorophyta,3.1,3.3,9,1-10,Shallow,Maui,MHI
Ha30-7,H. kanaloana,Chlorophyta,3.0,3.0,9,1-10,Shallow,Maui,MHI
Ha30-8,H. kanaloana,Chlorophyta,2.1,3.7,9,1-10,Shallow,Maui,MHI
Ha30-9,H. kanaloana,Chlorophyta,2.4,2.7,9,1-10,Shallow,Maui,MHI
HK30-1,H. kanaloana,Chlorophyta,2.9,5.2,9,1-10,Shallow,Maui,MHI
HK30-2,H. kanaloana,Chlorophyta,2.4,3.6,9,1-10,Shallow,Maui,MHI
HK30-3,H. kanaloana,Chlorophyta,2.3,2.8,9,1-10,Shallow,Maui,MHI
HK30-4,H. kanaloana,Chlorophyta,2.0,3.6,9,1-10,Shallow,Maui,MHI
HK30-5,H. kanaloana,Chlorophyta,3.6,3.1,9,1-10,Shallow,Maui,MHI
Hono-1,H. kanaloana,Chlorophyta,1.9,2.9,9,1-10,Shallow,Maui,MHI
Hono-2,H. kanaloana,Chlorophyta,1.9,3.4,9,1-10,Shallow,Maui,MHI
Hono-3,H. kanaloana,Chlorophyta,3.2,3.6,9,1-10,Shallow,Maui,MHI
Hono-4,H. kanaloana,Chlorophyta,2.0,3.1,9,1-10,Shallow,Maui,MHI
Hono-5,H. kanaloana,Chlorophyta,1.9,3.3,9,1-10,Shallow,Maui,MHI
HK 10-1,H. kanaloana,Chlorophyta,1.9,2.5,10,1-10,Shallow,Maui,MHI
HK 10-2,H. kanaloana,Chlorophyta,2.5,1.9,10,1-10,Shallow,Maui,MHI
HK 10-3,H. kanaloana,Chlorophyta,2.7,0.5,10,1-10,Shallow,Maui,MHI
HK 10-4,H. kanaloana,Chlorophyta,2.3,3.2,10,1-10,Shallow,Maui,MHI
HK 10-5,H. kanaloana,Chlorophyta,2.6,1.1,10,1-10,Shallow,Maui,MHI
HK K 10-1,H. kanaloana,Chlorophyta,3.1,2.2,10,1-10,Shallow,Maui,MHI
HK K 10-2,H. kanaloana,Chlorophyta,4.0,3.0,10,1-10,Shallow,Maui,MHI
HK K 10-3,H. kanaloana,Chlorophyta,4.1,3.5,10,1-10,Shallow,Maui,MHI
HK K 10-4,H. kanaloana,Chlorophyta,3.7,3.1,10,1-10,Shallow,Maui,MHI
HK K 10-5,H. kanaloana,Chlorophyta,3.7,3.2,10,1-10,Shallow,Maui,MHI
K210-1,H. kanaloana,Chlorophyta,2.0,2.6,10,1-10,Shallow,Maui,MHI
K210-2,H. kanaloana,Chlorophyta,2.4,2.8,10,1-10,Shallow,Maui,MHI
K210-3,H. kanaloana,Chlorophyta,3.8,2.8,10,1-10,Shallow,Maui,MHI
K210-4,H. kanaloana,Chlorophyta,2.0,3.7,10,1-10,Shallow,Maui,MHI
K210-5,H. kanaloana,Chlorophyta,1.8,3.1,10,1-10,Shallow,Maui,MHI
P10-A,H. kanaloana,Chlorophyta,3.2,2.9,10,1-10,Shallow,Maui,MHI
P10-B,H. kanaloana,Chlorophyta,2.2,3.6,10,1-10,Shallow,Maui,MHI
P10-C,H. kanaloana,Chlorophyta,3.4,1.4,10,1-10,Shallow,Maui,MHI
P10-D,H. kanaloana,Chlorophyta,2.2,3.3,10,1-10,Shallow,Maui,MHI
P10-E,H. kanaloana,Chlorophyta,2.4,2.6,10,1-10,Shallow,Maui,MHI
P10-F,H. kanaloana,Chlorophyta,1.9,3.6,10,1-10,Shallow,Maui,MHI
P10-G,H. kanaloana,Chlorophyta,2.1,3.9,10,1-10,Shallow,Maui,MHI
P10-H,H. kanaloana,Chlorophyta,1.9,3.2,10,1-10,Shallow,Maui,MHI
ML1,H. kanaloana,Chlorophyta,2.0,2.6,11,11-20,Shallow,Maui,MHI
ML2,H. kanaloana,Chlorophyta,2.0,3.9,11,11-20,Shallow,Maui,MHI
ML3,H. kanaloana,Chlorophyta,2.9,3.6,11,11-20,Shallow,Maui,MHI
ML4,H. kanaloana,Chlorophyta,2.5,3.2,11,11-20,Shallow,Maui,MHI
ML5,H. kanaloana,Chlorophyta,1.9,3.5,11,11-20,Shallow,Maui,MHI
HK 40,H. kanaloana,Chlorophyta,2.5,2.0,14,11-20,Shallow,Maui,MHI
HK 41,H. kanaloana,Chlorophyta,2.0,3.2,14,11-20,Shallow,Maui,MHI
HK 42,H. kanaloana,Chlorophyta,3.3,-0.4,14,11-20,Shallow,Maui,MHI
HK 43,H. kanaloana,Chlorophyta,2.7,2.0,14,11-20,Shallow,Maui,MHI
HK 44,H. kanaloana,Chlorophyta,3.0,2.0,14,11-20,Shallow,Maui,MHI
HK 45,H. kanaloana,Chlorophyta,2.9,0.6,14,11-20,Shallow,Maui,MHI
HK 46,H. kanaloana,Chlorophyta,4.1,1.6,14,11-20,Shallow,Maui,MHI
HK 47,H. kanaloana,Chlorophyta,3.1,1.1,14,11-20,Shallow,Maui,MHI
HK 48,H. kanaloana,Chlorophyta,2.9,1.7,14,11-20,Shallow,Maui,MHI
HK 49,H. kanaloana,Chlorophyta,2.0,3.3,14,11-20,Shallow,Maui,MHI
HK 50,H. kanaloana,Chlorophyta,1.5,1.2,14,11-20,Shallow,Maui,MHI
HK 51,H. kanaloana,Chlorophyta,3.4,0.3,14,11-20,Shallow,Maui,MHI
HK 52,H. kanaloana,Chlorophyta,2.5,1.4,14,11-20,Shallow,Maui,MHI
HK 53,H. kanaloana,Chlorophyta,3.5,1.8,14,11-20,Shallow,Maui,MHI
HK 54,H. kanaloana,Chlorophyta,3.2,2.1,14,11-20,Shallow,Maui,MHI
HK 55,H. kanaloana,Chlorophyta,5.2,1.8,14,11-20,Shallow,Maui,MHI
HK 56,H. kanaloana,Chlorophyta,3.5,1.8,14,11-20,Shallow,Maui,MHI
HK 57,H. kanaloana,Chlorophyta,2.8,2.1,14,11-20,Shallow,Maui,MHI
HK 58,H. kanaloana,Chlorophyta,3.0,1.6,14,11-20,Shallow,Maui,MHI
HK 59,H. kanaloana,Chlorophyta,3.1,0.4,14,11-20,Shallow,Maui,MHI
HK 60,H. kanaloana,Chlorophyta,3.7,2.2,14,11-20,Shallow,Maui,MHI
HK 61,H. kanaloana,Chlorophyta,2.8,2.1,14,11-20,Shallow,Maui,MHI
HK 62,H. kanaloana,Chlorophyta,3.5,1.8,14,11-20,Shallow,Maui,MHI
HK 63,H. kanaloana,Chlorophyta,3.0,1.1,14,11-20,Shallow,Maui,MHI
HK 64,H. kanaloana,Chlorophyta,2.8,1.6,14,11-20,Shallow,Maui,MHI
HK 65,H. kanaloana,Chlorophyta,2.1,3.2,14,11-20,Shallow,Maui,MHI
HK 66,H. kanaloana,Chlorophyta,2.9,0.5,14,11-20,Shallow,Maui,MHI
HK 73,H. kanaloana,Chlorophyta,2.7,2.4,14,11-20,Shallow,Maui,MHI
HK 74,H. kanaloana,Chlorophyta,3.1,2.9,14,11-20,Shallow,Maui,MHI
HK 75,H. kanaloana,Chlorophyta,3.4,2.3,14,11-20,Shallow,Maui,MHI
Ha60-10,H. kanaloana,Chlorophyta,2.5,4.3,18,11-20,Shallow,Maui,MHI
Ha60-6,H. kanaloana,Chlorophyta,2.7,2.3,18,11-20,Shallow,Maui,MHI
Ha60-7,H. kanaloana,Chlorophyta,2.2,2.3,18,11-20,Shallow,Maui,MHI
Ha60-8,H. kanaloana,Chlorophyta,2.8,1.8,18,11-20,Shallow,Maui,MHI
Ha60-9,H. kanaloana,Chlorophyta,2.8,-2.4,18,11-20,Shallow,Maui,MHI
HK 1,H. kanaloana,Chlorophyta,2.4,2.9,18,11-20,Shallow,Maui,MHI
HK 10,H. kanaloana,Chlorophyta,2.6,2.1,18,11-20,Shallow,Maui,MHI
HK 11,H. kanaloana,Chlorophyta,2.1,3.0,18,11-20,Shallow,Maui,MHI
HK 12,H. kanaloana,Chlorophyta,3.3,2.2,18,11-20,Shallow,Maui,MHI
HK 13,H. kanaloana,Chlorophyta,3.6,1.6,18,11-20,Shallow,Maui,MHI
HK 14,H. kanaloana,Chlorophyta,3.1,-0.8,18,11-20,Shallow,Maui,MHI
HK 15,H. kanaloana,Chlorophyta,2.2,3.2,18,11-20,Shallow,Maui,MHI
HK 16,H. kanaloana,Chlorophyta,2.1,3.0,18,11-20,Shallow,Maui,MHI
HK 17,H. kanaloana,Chlorophyta,2.9,2.3,18,11-20,Shallow,Maui,MHI
HK 18,H. kanaloana,Chlorophyta,2.1,2.9,18,11-20,Shallow,Maui,MHI
HK 19,H. kanaloana,Chlorophyta,3.3,1.6,18,11-20,Shallow,Maui,MHI
HK 2,H. kanaloana,Chlorophyta,4.0,1.9,18,11-20,Shallow,Maui,MHI
HK 20,H. kanaloana,Chlorophyta,3.0,2.2,18,11-20,Shallow,Maui,MHI
HK 3,H. kanaloana,Chlorophyta,2.6,2.1,18,11-20,Shallow,Maui,MHI
HK 4,H. kanaloana,Chlorophyta,1.1,2.7,18,11-20,Shallow,Maui,MHI
HK 5,H. kanaloana,Chlorophyta,1.7,2.0,18,11-20,Shallow,Maui,MHI
HK 6,H. kanaloana,Chlorophyta,1.6,3.5,18,11-20,Shallow,Maui,MHI
HK 7,H. kanaloana,Chlorophyta,1.9,2.2,18,11-20,Shallow,Maui,MHI
HK 8,H. kanaloana,Chlorophyta,2.4,2.0,18,11-20,Shallow,Maui,MHI
HK60-1,H. kanaloana,Chlorophyta,3.1,2.3,18,11-20,Shallow,Maui,MHI
HK60-2,H. kanaloana,Chlorophyta,2.7,2.0,18,11-20,Shallow,Maui,MHI
HK60-3,H. kanaloana,Chlorophyta,2.8,2.0,18,11-20,Shallow,Maui,MHI
HK60-4,H. kanaloana,Chlorophyta,2.0,2.3,18,11-20,Shallow,Maui,MHI
HK60-5,H. kanaloana,Chlorophyta,1.8,3.1,18,11-20,Shallow,Maui,MHI
Hono-10,H. kanaloana,Chlorophyta,1.9,2.9,18,11-20,Shallow,Maui,MHI
Hono-6,H. kanaloana,Chlorophyta,3.6,-1.1,18,11-20,Shallow,Maui,MHI
Hono-7,H. kanaloana,Chlorophyta,2.2,2.6,18,11-20,Shallow,Maui,MHI
Hono-8,H. kanaloana,Chlorophyta,2.5,3.1,18,11-20,Shallow,Maui,MHI
Hono-9,H. kanaloana,Chlorophyta,4.0,2.7,18,11-20,Shallow,Maui,MHI
HK 20-1,H. kanaloana,Chlorophyta,2.8,2.2,20,11-20,Shallow,Maui,MHI
HK 20-2,H. kanaloana,Chlorophyta,1.7,2.0,20,11-20,Shallow,Maui,MHI
HK 20-3,H. kanaloana,Chlorophyta,3.0,3.3,20,11-20,Shallow,Maui,MHI
HK 20-4,H. kanaloana,Chlorophyta,2.2,2.2,20,11-20,Shallow,Maui,MHI
HK 20-5,H. kanaloana,Chlorophyta,2.0,2.0,20,11-20,Shallow,Maui,MHI
HK K 20-1,H. kanaloana,Chlorophyta,3.6,1.8,20,11-20,Shallow,Maui,MHI
HK K 20-2,H. kanaloana,Chlorophyta,1.8,1.3,20,11-20,Shallow,Maui,MHI
HK K 20-3,H. kanaloana,Chlorophyta,2.5,1.5,20,11-20,Shallow,Maui,MHI
HK K 20-4,H. kanaloana,Chlorophyta,2.1,2.0,20,11-20,Shallow,Maui,MHI
HK K 20-5,H. kanaloana,Chlorophyta,2.0,2.5,20,11-20,Shallow,Maui,MHI
HK L-1,H. kanaloana,Chlorophyta,4.2,1.4,20,11-20,Shallow,Maui,MHI
HK L-2,H. kanaloana,Chlorophyta,2.2,1.6,20,11-20,Shallow,Maui,MHI
HK L-5,H. kanaloana,Chlorophyta,3.5,3.4,20,11-20,Shallow,Maui,MHI
HK M-1,H. kanaloana,Chlorophyta,1.9,3.0,20,11-20,Shallow,Maui,MHI
HK M-2,H. kanaloana,Chlorophyta,2.3,0.4,20,11-20,Shallow,Maui,MHI
HK M-3,H. kanaloana,Chlorophyta,1.9,3.0,20,11-20,Shallow,Maui,MHI
HK M-4,H. kanaloana,Chlorophyta,2.4,1.7,20,11-20,Shallow,Maui,MHI
HK M-5,H. kanaloana,Chlorophyta,2.0,2.1,20,11-20,Shallow,Maui,MHI
HK P-1,H. kanaloana,Chlorophyta,2.2,2.2,20,11-20,Shallow,Maui,MHI
HK P-2,H. kanaloana,Chlorophyta,2.9,1.8,20,11-20,Shallow,Maui,MHI
HK P-3,H. kanaloana,Chlorophyta,2.9,1.8,20,11-20,Shallow,Maui,MHI
HK P-4,H. kanaloana,Chlorophyta,3.4,2.0,20,11-20,Shallow,Maui,MHI
HK P-5,H. kanaloana,Chlorophyta,2.1,2.5,20,11-20,Shallow,Maui,MHI
K20-A,H. kanaloana,Chlorophyta,1.8,2.2,20,11-20,Shallow,Maui,MHI
K20-B,H. kanaloana,Chlorophyta,2.9,2.0,20,11-20,Shallow,Maui,MHI
K20-C,H. kanaloana,Chlorophyta,3.2,2.0,20,11-20,Shallow,Maui,MHI
K20-D,H. kanaloana,Chlorophyta,4.6,-0.3,20,11-20,Shallow,Maui,MHI
K20-E,H. kanaloana,Chlorophyta,2.5,1.7,20,11-20,Shallow,Maui,MHI
K20-F,H. kanaloana,Chlorophyta,2.0,2.3,20,11-20,Shallow,Maui,MHI
K20-G,H. kanaloana,Chlorophyta,1.9,3.1,20,11-20,Shallow,Maui,MHI
K20-H,H. kanaloana,Chlorophyta,1.9,0.6,20,11-20,Shallow,Maui,MHI
K20-I,H. kanaloana,Chlorophyta,3.3,2.9,20,11-20,Shallow,Maui,MHI
K20-J,H. kanaloana,Chlorophyta,2.0,2.8,20,11-20,Shallow,Maui,MHI
K220-1,H. kanaloana,Chlorophyta,2.2,3.1,20,11-20,Shallow,Maui,MHI
K220-2,H. kanaloana,Chlorophyta,2.1,3.2,20,11-20,Shallow,Maui,MHI
K220-3,H. kanaloana,Chlorophyta,2.6,1.1,20,11-20,Shallow,Maui,MHI
K220-4,H. kanaloana,Chlorophyta,2.7,2.1,20,11-20,Shallow,Maui,MHI
K220-5,H. kanaloana,Chlorophyta,2.1,2.4,20,11-20,Shallow,Maui,MHI
P20-A,H. kanaloana,Chlorophyta,2.3,2.0,20,11-20,Shallow,Maui,MHI
P20-B,H. kanaloana,Chlorophyta,3.6,2.6,20,11-20,Shallow,Maui,MHI
P20-C,H. kanaloana,Chlorophyta,1.8,2.2,20,11-20,Shallow,Maui,MHI
P20-D,H. kanaloana,Chlorophyta,2.7,3.3,20,11-20,Shallow,Maui,MHI
P20-E,H. kanaloana,Chlorophyta,3.2,2.3,20,11-20,Shallow,Maui,MHI
P20-F,H. kanaloana,Chlorophyta,2.0,2.6,20,11-20,Shallow,Maui,MHI
P20-G,H. kanaloana,Chlorophyta,1.3,2.0,20,11-20,Shallow,Maui,MHI
P20-H,H. kanaloana,Chlorophyta,1.8,2.4,20,11-20,Shallow,Maui,MHI
P20-I,H. kanaloana,Chlorophyta,2.0,1.7,20,11-20,Shallow,Maui,MHI
P20-J,H. kanaloana,Chlorophyta,1.6,2.6,20,11-20,Shallow,Maui,MHI
P20-K,H. kanaloana,Chlorophyta,1.4,1.5,20,11-20,Shallow,Maui,MHI
Ha90-10,H. kanaloana,Chlorophyta,2.3,2.7,27,21-30,Shallow,Maui,MHI
Ha90-6,H. kanaloana,Chlorophyta,2.1,2.5,27,21-30,Shallow,Maui,MHI
Ha90-7,H. kanaloana,Chlorophyta,1.6,2.7,27,21-30,Shallow,Maui,MHI
Ha90-8,H. kanaloana,Chlorophyta,1.7,2.9,27,21-30,Shallow,Maui,MHI
Ha90-9,H. kanaloana,Chlorophyta,1.6,2.5,27,21-30,Shallow,Maui,MHI
HK 21,H. kanaloana,Chlorophyta,2.0,2.5,27,21-30,Shallow,Maui,MHI
HK 22,H. kanaloana,Chlorophyta,1.8,2.6,27,21-30,Shallow,Maui,MHI
HK 24,H. kanaloana,Chlorophyta,2.0,2.2,27,21-30,Shallow,Maui,MHI
HK 25,H. kanaloana,Chlorophyta,1.4,3.1,27,21-30,Shallow,Maui,MHI
HK 26,H. kanaloana,Chlorophyta,2.8,-1.5,27,21-30,Shallow,Maui,MHI
HK 27,H. kanaloana,Chlorophyta,3.4,0.5,27,21-30,Shallow,Maui,MHI
HK 28,H. kanaloana,Chlorophyta,1.9,2.7,27,21-30,Shallow,Maui,MHI
HK 29,H. kanaloana,Chlorophyta,1.8,3.0,27,21-30,Shallow,Maui,MHI
HK 30,H. kanaloana,Chlorophyta,3.0,2.2,27,21-30,Shallow,Maui,MHI
HK 31,H. kanaloana,Chlorophyta,1.2,3.8,27,21-30,Shallow,Maui,MHI
HK 32,H. kanaloana,Chlorophyta,2.7,-1.1,27,21-30,Shallow,Maui,MHI
HK 33,H. kanaloana,Chlorophyta,2.5,0.2,27,21-30,Shallow,Maui,MHI
HK 34,H. kanaloana,Chlorophyta,2.3,1.9,27,21-30,Shallow,Maui,MHI
HK 35,H. kanaloana,Chlorophyta,2.3,1.9,27,21-30,Shallow,Maui,MHI
HK 36,H. kanaloana,Chlorophyta,1.4,3.6,27,21-30,Shallow,Maui,MHI
HK 37,H. kanaloana,Chlorophyta,2.0,2.7,27,21-30,Shallow,Maui,MHI
HK 38,H. kanaloana,Chlorophyta,2.2,2.8,27,21-30,Shallow,Maui,MHI
HK90-1,H. kanaloana,Chlorophyta,2.5,2.3,27,21-30,Shallow,Maui,MHI
HK90-2,H. kanaloana,Chlorophyta,2.8,2.6,27,21-30,Shallow,Maui,MHI
HK90-3,H. kanaloana,Chlorophyta,2.5,2.0,27,21-30,Shallow,Maui,MHI
HK90-4,H. kanaloana,Chlorophyta,2.9,2.4,27,21-30,Shallow,Maui,MHI
HK90-5,H. kanaloana,Chlorophyta,2.3,2.3,27,21-30,Shallow,Maui,MHI
HK 30-1,H. kanaloana,Chlorophyta,2.4,2.7,30,21-30,Shallow,Maui,MHI
HK 30-2,H. kanaloana,Chlorophyta,2.6,2.5,30,21-30,Shallow,Maui,MHI
HK 30-3,H. kanaloana,Chlorophyta,2.2,2.2,30,21-30,Shallow,Maui,MHI
HK 30-4,H. kanaloana,Chlorophyta,2.4,2.0,30,21-30,Shallow,Maui,MHI
HK 30-5,H. kanaloana,Chlorophyta,2.4,1.9,30,21-30,Shallow,Maui,MHI
HK K 30-1,H. kanaloana,Chlorophyta,1.7,3.2,30,21-30,Shallow,Maui,MHI
HK K 30-2,H. kanaloana,Chlorophyta,1.8,3.3,30,21-30,Shallow,Maui,MHI
HK K 30-3,H. kanaloana,Chlorophyta,2.2,1.8,30,21-30,Shallow,Maui,MHI
HK K 30-4,H. kanaloana,Chlorophyta,2.1,2.7,30,21-30,Shallow,Maui,MHI
HK K 30-5,H. kanaloana,Chlorophyta,1.6,2.4,30,21-30,Shallow,Maui,MHI
K230-1,H. kanaloana,Chlorophyta,2.0,2.2,30,21-30,Shallow,Maui,MHI
K230-2,H. kanaloana,Chlorophyta,2.1,1.9,30,21-30,Shallow,Maui,MHI
K230-3,H. kanaloana,Chlorophyta,1.5,2.1,30,21-30,Shallow,Maui,MHI
K230-4,H. kanaloana,Chlorophyta,2.2,2.1,30,21-30,Shallow,Maui,MHI
K230-5,H. kanaloana,Chlorophyta,2.1,2.5,30,21-30,Shallow,Maui,MHI
K30-A,H. kanaloana,Chlorophyta,2.8,2.6,30,21-30,Shallow,Maui,MHI
K30-B,H. kanaloana,Chlorophyta,3.1,2.6,30,21-30,Shallow,Maui,MHI
K30-C,H. kanaloana,Chlorophyta,3.0,3.0,30,21-30,Shallow,Maui,MHI
K30-D,H. kanaloana,Chlorophyta,3.0,2.9,30,21-30,Shallow,Maui,MHI
K30-E,H. kanaloana,Chlorophyta,3.4,2.3,30,21-30,Shallow,Maui,MHI
K30-F,H. kanaloana,Chlorophyta,2.1,1.3,30,21-30,Shallow,Maui,MHI
K30-G,H. kanaloana,Chlorophyta,1.8,2.4,30,21-30,Shallow,Maui,MHI
K30-H,H. kanaloana,Chlorophyta,2.9,2.4,30,21-30,Shallow,Maui,MHI
K30-I,H. kanaloana,Chlorophyta,2.9,3.4,30,21-30,Shallow,Maui,MHI
K30-J,H. kanaloana,Chlorophyta,2.1,2.3,30,21-30,Shallow,Maui,MHI
K30-K,H. kanaloana,Chlorophyta,2.7,2.9,30,21-30,Shallow,Maui,MHI
K30-L,H. kanaloana,Chlorophyta,3.5,2.3,30,21-30,Shallow,Maui,MHI
HA 91A,Halimeda sp.,Chlorophyta,2.4,1.7,38,31-40,Mesophotic,Oahu,MHI
HA 91B,Halimeda sp.,Chlorophyta,2.4,1.0,38,31-40,Mesophotic,Oahu,MHI
HA 91C,Halimeda sp.,Chlorophyta,2.6,1.3,38,31-40,Mesophotic,Oahu,MHI
K-H1,Halimeda sp.,Chlorophyta,1.4,1.3,38,31-40,Mesophotic,Oahu,MHI
K-H2,Halimeda sp.,Chlorophyta,1.5,1.5,38,31-40,Mesophotic,Oahu,MHI
K-H3,Halimeda sp.,Chlorophyta,1.5,3.4,38,31-40,Mesophotic,Oahu,MHI
K-H4,Halimeda sp.,Chlorophyta,1.7,1.5,38,31-40,Mesophotic,Oahu,MHI
Ha 15a,Halimeda sp.,Chlorophyta,2.7,3.8,40,31-40,Mesophotic,Oahu,MHI
Ha 15b,Halimeda sp.,Chlorophyta,1.5,2.7,40,31-40,Mesophotic,Oahu,MHI
Ha 2a,Halimeda sp.,Chlorophyta,1.4,2.2,40,31-40,Mesophotic,Oahu,MHI
Ha 2b,Halimeda sp.,Chlorophyta,1.7,2.3,40,31-40,Mesophotic,Oahu,MHI
Ha 2c,Halimeda sp.,Chlorophyta,1.7,4.7,40,31-40,Mesophotic,Oahu,MHI
P4-188 HD1,Halimeda sp.,Chlorophyta,1.8,1.2,62,61-70,Mesophotic,Oahu,MHI
P4-188 HD2,Halimeda sp.,Chlorophyta,1.8,1.5,62,61-70,Mesophotic,Oahu,MHI
P4-188 HD3,Halimeda sp.,Chlorophyta,1.6,1.5,62,61-70,Mesophotic,Oahu,MHI
P4-188 HD4,Halimeda sp.,Chlorophyta,0.8,2.0,62,61-70,Mesophotic,Oahu,MHI
P4-188 HD5,Halimeda sp.,Chlorophyta,0.8,2.5,62,61-70,Mesophotic,Oahu,MHI
P4-188 HD6,Halimeda sp.,Chlorophyta,0.9,2.5,62,61-70,Mesophotic,Oahu,MHI
D1 HF,Halimeda sp.,Chlorophyta,0.2,3.0,65,61-70,Mesophotic,Oahu,MHI
D1 HG,Halimeda sp.,Chlorophyta,0.5,2.1,65,61-70,Mesophotic,Oahu,MHI
D1 HH,Halimeda sp.,Chlorophyta,0.4,2.8,65,61-70,Mesophotic,Oahu,MHI
D1 HI,Halimeda sp.,Chlorophyta,0.3,2.9,65,61-70,Mesophotic,Oahu,MHI
D1 HJ,Halimeda sp.,Chlorophyta,0.5,2.1,65,61-70,Mesophotic,Oahu,MHI
P4-189 HB-10,Halimeda sp.,Chlorophyta,0.7,4.9,69,61-70,Mesophotic,Molokai,MHI
P4-189 HB-11,Halimeda sp.,Chlorophyta,1.5,3.7,69,61-70,Mesophotic,Molokai,MHI
P4-189 HB-12,Halimeda sp.,Chlorophyta,1.2,4.2,69,61-70,Mesophotic,Molokai,MHI
P4-189 HB-7,Halimeda sp.,Chlorophyta,1.3,4.4,69,61-70,Mesophotic,Molokai,MHI
P4-189 HB-8,Halimeda sp.,Chlorophyta,1.1,4.1,69,61-70,Mesophotic,Molokai,MHI
P4-189 HB-9,Halimeda sp.,Chlorophyta,2.0,3.9,69,61-70,Mesophotic,Molokai,MHI
P4-233-1B,Halimeda sp.,Chlorophyta,1.0,1.7,77,71-80,Mesophotic,Maui,MHI
D1 HA,Halimeda sp.,Chlorophyta,0.3,1.8,78,71-80,Mesophotic,Oahu,MHI
D1 HC,Halimeda sp.,Chlorophyta,0.3,1.7,78,71-80,Mesophotic,Oahu,MHI
D1 HC3B,Halimeda sp.,Chlorophyta,0.3,1.7,78,71-80,Mesophotic,Oahu,MHI
D1 HD,Halimeda sp.,Chlorophyta,0.2,1.4,78,71-80,Mesophotic,Oahu,MHI
D1 HE,Halimeda sp.,Chlorophyta,0.3,1.2,78,71-80,Mesophotic,Oahu,MHI
P4-189 HA-13,Halimeda sp.,Chlorophyta,0.3,1.4,80,71-80,Mesophotic,Molokai,MHI
P4-189 HA-14,Halimeda sp.,Chlorophyta,0.4,2.1,80,71-80,Mesophotic,Molokai,MHI
P4-189 HA-15,Halimeda sp.,Chlorophyta,0.2,1.9,80,71-80,Mesophotic,Molokai,MHI
P4-189 HA-16,Halimeda sp.,Chlorophyta,0.3,1.8,80,71-80,Mesophotic,Molokai,MHI
P4-189 HA-17,Halimeda sp.,Chlorophyta,0.2,1.8,80,71-80,Mesophotic,Molokai,MHI
P4-189 HA-18,Halimeda sp.,Chlorophyta,0.3,1.8,80,71-80,Mesophotic,Molokai,MHI
P4-189 HB-1,Halimeda sp.,Chlorophyta,2.3,2.3,80,71-80,Mesophotic,Molokai,MHI
P4-189 HB-2,Halimeda sp.,Chlorophyta,1.2,4.8,80,71-80,Mesophotic,Molokai,MHI
P4-189 HB-3,Halimeda sp.,Chlorophyta,0.8,2.8,80,71-80,Mesophotic,Molokai,MHI
P4-189 HB-4,Halimeda sp.,Chlorophyta,1.8,0.9,80,71-80,Mesophotic,Molokai,MHI
P4-189 HB-5,Halimeda sp.,Chlorophyta,1.0,4.7,80,71-80,Mesophotic,Molokai,MHI
P4-189 HB-6,Halimeda sp.,Chlorophyta,1.8,4.3,80,71-80,Mesophotic,Molokai,MHI
P4-233-4C,Halimeda sp.,Chlorophyta,0.3,2.8,85,81-90,Mesophotic,Maui,MHI
P4-233-5,Halimeda sp.,Chlorophyta,0.2,2.3,85,81-90,Mesophotic,Maui,MHI
P4-188 HA1,Halimeda sp.,Chlorophyta,0.2,2.5,87,81-90,Mesophotic,Oahu,MHI
P4-188 HA2,Halimeda sp.,Chlorophyta,0.5,1.7,87,81-90,Mesophotic,Oahu,MHI
P4-188 HA3,Halimeda sp.,Chlorophyta,0.3,2.4,87,81-90,Mesophotic,Oahu,MHI
P4-188 HA4,Halimeda sp.,Chlorophyta,0.3,1.7,87,81-90,Mesophotic,Oahu,MHI
P4-188 HA5,Halimeda sp.,Chlorophyta,0.3,1.8,87,81-90,Mesophotic,Oahu,MHI
P4-188 HA6,Halimeda sp.,Chlorophyta,0.2,2.9,87,81-90,Mesophotic,Oahu,MHI
P5-734 9,Halimeda sp.,Chlorophyta,0.7,2.2,90,81-90,Mesophotic,Maui,MHI
P5-734 2,Halimeda sp.,Chlorophyta,1.2,0.9,92,91-100,Mesophotic,Maui,MHI
P5-734 20,Halimeda sp.,Chlorophyta,0.2,1.9,92,91-100,Mesophotic,Maui,MHI
P5-734 30,Halimeda sp.,Chlorophyta,0.9,1.3,92,91-100,Mesophotic,Maui,MHI
P5-734 6,Halimeda sp.,Chlorophyta,0.8,2.2,92,91-100,Mesophotic,Maui,MHI
P5-736 67,Halimeda sp.,Chlorophyta,0.6,1.9,104,101-110,Mesophotic,Maui,MHI
P5-736 79,Halimeda sp.,Chlorophyta,0.6,2.7,104,101-110,Mesophotic,Maui,MHI
P5-738 103,Halimeda sp.,Chlorophyta,1.2,0.2,109,101-110,Mesophotic,Maui,MHI
P5-738 111,Halimeda sp.,Chlorophyta,0.9,1.0,109,101-110,Mesophotic,Maui,MHI
P5-736 100,Halimeda sp.,Chlorophyta,1.1,0.1,111,111-120,Mesophotic,Maui,MHI
P5-738 109,Halimeda sp.,Chlorophyta,0.4,1.8,117,111-120,Mesophotic,Maui,MHI
P4-232 3A,Halimeda sp.,Chlorophyta,0.2,2.0,102,101-110,Mesophotic,Maui,MHI
P4-232 3B,Halimeda sp.,Chlorophyta,0.2,2.6,102,101-110,Mesophotic,Maui,MHI
P4-232 3F,Halimeda sp.,Chlorophyta,0.3,2.1,102,101-110,Mesophotic,Maui,MHI
P4-232 4C,Halimeda sp.,Chlorophyta,0.2,3.2,102,101-110,Mesophotic,Maui,MHI
P4-232 4D,Halimeda sp.,Chlorophyta,0.2,2.9,102,101-110,Mesophotic,Maui,MHI
HD 1,Halimeda sp.,Chlorophyta,1.9,3.8,5,10-Jan,Shallow,Maui,MHI
HD 2,Halimeda sp.,Chlorophyta,2.8,3.2,5,10-Jan,Shallow,Maui,MHI
HD 3,Halimeda sp.,Chlorophyta,1.8,3.6,5,10-Jan,Shallow,Maui,MHI
MHI-168,Halimeda sp.,Chlorophyta,0.8,1.5,17,20-Nov,Shallow,Niihau,MHI
Ha 28a,Halimeda sp.,Chlorophyta,1.7,3.3,18,20-Nov,Shallow,Oahu,MHI
Ha 28b,Halimeda sp.,Chlorophyta,1.7,4.4,18,20-Nov,Shallow,Oahu,MHI
Ha 11a,Halimeda sp.,Chlorophyta,2.1,3.1,24,21-30,Shallow,Oahu,MHI
Ha 11b,Halimeda sp.,Chlorophyta,2.8,1.8,24,21-30,Shallow,Oahu,MHI
Ha 11c,Halimeda sp.,Chlorophyta,1.7,3.1,24,21-30,Shallow,Oahu,MHI
Ha 35a,Halimeda sp.,Chlorophyta,1.7,4.0,24,21-30,Shallow,Oahu,MHI
Ha 35b,Halimeda sp.,Chlorophyta,1.5,3.4,24,21-30,Shallow,Oahu,MHI
Ha 35c,Halimeda sp.,Chlorophyta,1.8,3.0,24,21-30,Shallow,Oahu,MHI
NWHI-465,Halimeda sp.,Chlorophyta,1.8,2.0,54,51-60,Mesophotic,Pioneer,NWHI
NWHI-186-1,Halimeda sp.,Chlorophyta,1.4,2.8,55,51-60,Mesophotic,FFS,NWHI
NWHI-843a,Halimeda sp.,Chlorophyta,1.7,2.7,55,51-60,Mesophotic,Lisianski,NWHI
NWHI-843b,Halimeda sp.,Chlorophyta,1.4,2.3,55,51-60,Mesophotic,Lisianski,NWHI
NWHI-843c,Halimeda sp.,Chlorophyta,1.8,2.5,55,51-60,Mesophotic,Lisianski,NWHI
NWHI-85,Halimeda sp.,Chlorophyta,1.9,2.8,56,51-60,Mesophotic,Pearl & Hermes,NWHI
NWHI-84,Halimeda sp.,Chlorophyta,0.2,1.9,58,51-60,Mesophotic,Pearl & Hermes,NWHI
NWHI-247,Halimeda sp.,Chlorophyta,1.4,2.5,59,51-60,Mesophotic,Lisianski,NWHI
NWHI-66,Halimeda sp.,Chlorophyta,0.3,2.8,61,61-70,Mesophotic,Nihoa,NWHI
NWHI-68,Halimeda sp.,Chlorophyta,0.2,2.1,61,61-70,Mesophotic,FFS,NWHI
NWHI-205-1,Halimeda sp.,Chlorophyta,1.2,2.6,61,61-70,Mesophotic,Laysan,NWHI
NWHI-209-1,Halimeda sp.,Chlorophyta,1.1,3.4,61,61-70,Mesophotic,Laysan,NWHI
NWHI-212-1,Halimeda sp.,Chlorophyta,0.3,1.1,61,61-70,Mesophotic,Laysan,NWHI
NWHI-102,Halimeda sp.,Chlorophyta,2.3,4.4,64,61-70,Mesophotic,Lisianski,NWHI
NWHI-215-1,Halimeda sp.,Chlorophyta,1.0,3.6,67,61-70,Mesophotic,FFS,NWHI
NWHI-621a,Halimeda sp.,Chlorophyta,0.8,0.3,68,61-70,Mesophotic,FFS,NWHI
NWHI-621b,Halimeda sp.,Chlorophyta,1.0,1.6,68,61-70,Mesophotic,FFS,NWHI
NWHI-621c,Halimeda sp.,Chlorophyta,0.6,0.8,68,61-70,Mesophotic,FFS,NWHI
NWHI-375,Halimeda sp.,Chlorophyta,1.4,5.3,70,61-70,Mesophotic,Pearl & Hermes,NWHI
NWHI-446,Halimeda sp.,Chlorophyta,1.5,4.5,88,81-90,Mesophotic,Kure,NWHI
NWHI-712a,Halimeda sp.,Chlorophyta,0.7,5.7,5,10-Jan,Shallow,Lisianski,NWHI
NWHI-712b,Halimeda sp.,Chlorophyta,0.4,6.2,5,10-Jan,Shallow,Lisianski,NWHI
NWHI-712c,Halimeda sp.,Chlorophyta,0.5,5.9,5,10-Jan,Shallow,Lisianski,NWHI
NWHI-612a,Halimeda sp.,Chlorophyta,0.8,2.8,10,10-Jan,Shallow,FFS,NWHI
NWHI-612b,Halimeda sp.,Chlorophyta,0.9,3.0,10,10-Jan,Shallow,FFS,NWHI
NWHI-612c,Halimeda sp.,Chlorophyta,1.2,2.4,10,10-Jan,Shallow,FFS,NWHI
NWHI-608a,Halimeda sp.,Chlorophyta,2.2,2.5,11,20-Nov,Shallow,FFS,NWHI
NWHI-608b,Halimeda sp.,Chlorophyta,2.4,1.5,11,20-Nov,Shallow,FFS,NWHI
NWHI-608c,Halimeda sp.,Chlorophyta,2.3,0.9,11,20-Nov,Shallow,FFS,NWHI
NWHI-753a,Halimeda sp.,Chlorophyta,0.6,2.6,11,20-Nov,Shallow,Lisianski,NWHI
NWHI-753b,Halimeda sp.,Chlorophyta,0.9,2.3,11,20-Nov,Shallow,Lisianski,NWHI
NWHI-753c,Halimeda sp.,Chlorophyta,0.8,1.9,11,20-Nov,Shallow,Lisianski,NWHI
NWHI-878a,Halimeda sp.,Chlorophyta,0.9,3.7,12,20-Nov,Shallow,Pearl & Hermes,NWHI
NWHI-878b,Halimeda sp.,Chlorophyta,1.0,2.5,12,20-Nov,Shallow,Pearl & Hermes,NWHI
NWHI-878c,Halimeda sp.,Chlorophyta,0.8,4.8,12,20-Nov,Shallow,Pearl & Hermes,NWHI
NWHI-641a,Halimeda sp.,Chlorophyta,0.6,2.4,14,20-Nov,Shallow,FFS,NWHI
NWHI-641b,Halimeda sp.,Chlorophyta,0.8,2.4,14,20-Nov,Shallow,FFS,NWHI
NWHI-641c,Halimeda sp.,Chlorophyta,0.6,2.7,14,20-Nov,Shallow,FFS,NWHI
NWHI-642a,Halimeda sp.,Chlorophyta,1.7,2.2,14,20-Nov,Shallow,FFS,NWHI
NWHI-642b,Halimeda sp.,Chlorophyta,2.3,2.9,14,20-Nov,Shallow,FFS,NWHI
NWHI-642c,Halimeda sp.,Chlorophyta,1.8,2.8,14,20-Nov,Shallow,FFS,NWHI
NWHI-1070a,Halimeda sp.,Chlorophyta,0.6,2.2,20,20-Nov,Shallow,Pearl & Hermes,NWHI
NWHI-1070b,Halimeda sp.,Chlorophyta,0.7,1.8,20,20-Nov,Shallow,Pearl & Hermes,NWHI
NWHI-1070c,Halimeda sp.,Chlorophyta,0.8,2.0,20,20-Nov,Shallow,Pearl & Hermes,NWHI
NWHI-1071a,Halimeda sp.,Chlorophyta,0.6,1.5,23,21-30,Shallow,Pearl & Hermes,NWHI
NWHI-1071b,Halimeda sp.,Chlorophyta,1.1,2.1,23,21-30,Shallow,Pearl & Hermes,NWHI
NWHI-1071c,Halimeda sp.,Chlorophyta,0.8,1.7,23,21-30,Shallow,Pearl & Hermes,NWHI
NWHI-1072a,Halimeda sp.,Chlorophyta,1.5,2.7,24,21-30,Shallow,Pearl & Hermes,NWHI
NWHI-1072b,Halimeda sp.,Chlorophyta,1.6,3.0,24,21-30,Shallow,Pearl & Hermes,NWHI
NWHI-1072c,Halimeda sp.,Chlorophyta,1.7,2.7,24,21-30,Shallow,Pearl & Hermes,NWHI
NWHI-467,Microdictyon sp.,Chlorophyta,1.0,2.6,54,51-60,Mesophotic,Pioneer,NWHI
NWHI-100,Microdictyon sp.,Chlorophyta,1.2,2.7,55,51-60,Mesophotic,Lisianski,NWHI
NWHI-92,Microdictyon sp.,Chlorophyta,1.4,2.4,55,51-60,Mesophotic,Midway,NWHI
NWHI-848a,Microdictyon sp.,Chlorophyta,1.1,1.8,55,51-60,Mesophotic,Lisianski,NWHI
NWHI-848b,Microdictyon sp.,Chlorophyta,1.1,5.2,55,51-60,Mesophotic,Lisianski,NWHI
NWHI-848c,Microdictyon sp.,Chlorophyta,1.1,2.4,55,51-60,Mesophotic,Lisianski,NWHI
NWHI-384,Microdictyon sp.,Chlorophyta,1.0,3.0,57,51-60,Mesophotic,Kure,NWHI
NWHI-80,Microdictyon sp.,Chlorophyta,1.1,2.7,58,51-60,Mesophotic,Pearl & Hermes,NWHI
NWHI-202-1,Microdictyon sp.,Chlorophyta,0.8,1.5,58,51-60,Mesophotic,Laysan,NWHI
NWHI-329,Microdictyon sp.,Chlorophyta,0.9,-0.6,61,61-70,Mesophotic,FFS,NWHI
NWHI-373,Microdictyon sp.,Chlorophyta,1.1,2.6,63,61-70,Mesophotic,Pearl & Hermes,NWHI
NWHI-655a,Microdictyon sp.,Chlorophyta,1.1,-0.3,64,61-70,Mesophotic,FFS,NWHI
NWHI-273,Microdictyon sp.,Chlorophyta,0.7,1.5,64,61-70,Mesophotic,Lisianski,NWHI
NWHI-655b,Microdictyon sp.,Chlorophyta,1.2,2.5,64,61-70,Mesophotic,FFS,NWHI
NWHI-655c,Microdictyon sp.,Chlorophyta,1.2,0.3,64,61-70,Mesophotic,FFS,NWHI
NWHI-379,Microdictyon sp.,Chlorophyta,1.0,3.3,70,61-70,Mesophotic,Pearl & Hermes,NWHI
NWHI-341,Microdictyon sp.,Chlorophyta,0.8,0.6,82,81-90,Mesophotic,FFS,NWHI
NWHI-355,Microdictyon sp.,Chlorophyta,0.9,0.8,84,81-90,Mesophotic,Pioneer,NWHI
NWHI-359,Microdictyon sp.,Chlorophyta,0.8,2.4,88,81-90,Mesophotic,Pioneer,NWHI
NWHI-448,Microdictyon sp.,Chlorophyta,3.0,4.1,88,81-90,Mesophotic,Kure,NWHI
NWHI-430,Microdictyon sp.,Chlorophyta,1.4,4.5,91,91-100,Mesophotic,Salmon,NWHI
NWHI-609a,Microdictyon sp.,Chlorophyta,1.2,-0.2,11,20-Nov,Shallow,FFS,NWHI
NWHI-609b,Microdictyon sp.,Chlorophyta,1.0,1.5,11,20-Nov,Shallow,FFS,NWHI
NWHI-609c,Microdictyon sp.,Chlorophyta,1.2,2.7,11,20-Nov,Shallow,FFS,NWHI
NWHI-752a,Microdictyon sp.,Chlorophyta,1.0,3.0,11,20-Nov,Shallow,Lisianski,NWHI
NWHI-752b,Microdictyon sp.,Chlorophyta,1.1,2.0,11,20-Nov,Shallow,Lisianski,NWHI
NWHI-752c,Microdictyon sp.,Chlorophyta,1.0,2.8,11,20-Nov,Shallow,Lisianski,NWHI
NWHI-974a,Microdictyon sp.,Chlorophyta,0.9,1.2,15,20-Nov,Shallow,Pearl & Hermes,NWHI
NWHI-974b,Microdictyon sp.,Chlorophyta,0.9,1.2,15,20-Nov,Shallow,Pearl & Hermes,NWHI
NWHI-974c,Microdictyon sp.,Chlorophyta,0.9,1.4,15,20-Nov,Shallow,Pearl & Hermes,NWHI
NWHI-1069a,Microdictyon sp.,Chlorophyta,1.1,1.0,20,20-Nov,Shallow,Pearl & Hermes,NWHI
NWHI-1069b,Microdictyon sp.,Chlorophyta,1.0,0.8,20,20-Nov,Shallow,Pearl & Hermes,NWHI
NWHI-1069c,Microdictyon sp.,Chlorophyta,1.2,1.5,20,20-Nov,Shallow,Pearl & Hermes,NWHI
NWHI-1073a,Microdictyon sp.,Chlorophyta,1.9,2.5,25,21-30,Shallow,Pearl & Hermes,NWHI
NWHI-1073b,Microdictyon sp.,Chlorophyta,2.0,2.2,25,21-30,Shallow,Pearl & Hermes,NWHI
NWHI-1073c,Microdictyon sp.,Chlorophyta,2.0,2.2,25,21-30,Shallow,Pearl & Hermes,NWHI
P4-188 UD10,Udotea sp.,Chlorophyta,0.3,4.0,70,61-70,Mesophotic,Oahu,MHI
D1 UN,Udotea sp.,Chlorophyta,0.5,3.9,47,41-50,Mesophotic,Oahu,MHI
D1 UC2C,Udotea sp.,Chlorophyta,0.4,3.9,78,71-80,Mesophotic,Oahu,MHI
D1 UC2B,Udotea sp.,Chlorophyta,0.6,3.8,78,71-80,Mesophotic,Oahu,MHI
D1 UG,Udotea sp.,Chlorophyta,0.3,3.7,66,61-70,Mesophotic,Oahu,MHI
D1 UC2D,Udotea sp.,Chlorophyta,0.3,3.7,78,71-80,Mesophotic,Oahu,MHI
D1 UK,Udotea sp.,Chlorophyta,0.5,3.6,66,61-70,Mesophotic,Oahu,MHI
P4-188 UD5,Udotea sp.,Chlorophyta,0.4,3.6,87,81-90,Mesophotic,Oahu,MHI
P4-188 UD1,Udotea sp.,Chlorophyta,0.5,3.5,87,81-90,Mesophotic,Oahu,MHI
D1 UH,Udotea sp.,Chlorophyta,0.4,3.3,66,61-70,Mesophotic,Oahu,MHI
D1 UI,Udotea sp.,Chlorophyta,0.4,3.3,60,51-60,Mesophotic,Oahu,MHI
D1 UJ,Udotea sp.,Chlorophyta,0.4,3.2,47,41-50,Mesophotic,Oahu,MHI
D1 UC2F,Udotea sp.,Chlorophyta,0.7,3.2,78,71-80,Mesophotic,Oahu,MHI
D1 UL,Udotea sp.,Chlorophyta,0.5,3.2,60,51-60,Mesophotic,Oahu,MHI
D1 UR,Udotea sp.,Chlorophyta,0.7,3.1,47,41-50,Mesophotic,Oahu,MHI
D1 UC3A,Udotea sp.,Chlorophyta,0.4,3.1,78,71-80,Mesophotic,Oahu,MHI
D1 UP,Udotea sp.,Chlorophyta,0.6,3.0,47,41-50,Mesophotic,Oahu,MHI
P4-188 UD2,Udotea sp.,Chlorophyta,0.5,3.0,87,81-90,Mesophotic,Oahu,MHI
P4-188 UD14,Udotea sp.,Chlorophyta,0.4,3.0,51,51-60,Mesophotic,Oahu,MHI
P4-188 UD7,Udotea sp.,Chlorophyta,0.5,2.9,70,61-70,Mesophotic,Oahu,MHI
P4-188 UD18,Udotea sp.,Chlorophyta,0.6,2.9,51,51-60,Mesophotic,Oahu,MHI
P4-188 UD6,Udotea sp.,Chlorophyta,0.4,2.8,87,81-90,Mesophotic,Oahu,MHI
P4-188 UD3,Udotea sp.,Chlorophyta,0.6,2.8,87,81-90,Mesophotic,Oahu,MHI
D1 UM,Udotea sp.,Chlorophyta,0.8,2.5,47,41-50,Mesophotic,Oahu,MHI
P4-188 UD17,Udotea sp.,Chlorophyta,1.5,2.5,51,51-60,Mesophotic,Oahu,MHI
D1 UO,Udotea sp.,Chlorophyta,1.0,2.5,47,41-50,Mesophotic,Oahu,MHI
P4-188 UD15,Udotea sp.,Chlorophyta,1.4,2.4,51,51-60,Mesophotic,Oahu,MHI
P4-188 UD13,Udotea sp.,Chlorophyta,0.9,2.4,51,51-60,Mesophotic,Oahu,MHI
P4-188 UD16,Udotea sp.,Chlorophyta,1.5,2.3,51,51-60,Mesophotic,Oahu,MHI
D1 UC2A,Udotea sp.,Chlorophyta,0.6,2.2,78,71-80,Mesophotic,Oahu,MHI
P4-188 UD8,Udotea sp.,Chlorophyta,0.9,2.1,70,61-70,Mesophotic,Oahu,MHI
D1 UC2E,Udotea sp.,Chlorophyta,1.4,2.0,78,71-80,Mesophotic,Oahu,MHI
P4-188 UD4,Udotea sp.,Chlorophyta,1.1,1.9,87,81-90,Mesophotic,Oahu,MHI
P4-188 UD9,Udotea sp.,Chlorophyta,1.7,1.3,70,61-70,Mesophotic,Oahu,MHI
